Date;humidity;temperature;pressure
07/23/2014 03:18:07;76.08465576171875;12.199999809265137;1024.030029296875
07/23/2014 03:28:07;77.2061767578125;12.600000381469727;1024.1700439453125
07/23/2014 03:38:08;77.8775634765625;14.399999618530273;1024.0699462890625
07/23/2014 03:48:08;73.89501953125;15.800000190734863;1024.0899658203125
07/23/2014 03:58:08;71.43072509765625;16.799999237060547;1024.0899658203125
07/23/2014 04:08:08;69.56915283203125;17.5;1024.27001953125
07/23/2014 04:18:08;68.10430908203125;18.100000381469727;1024.25
07/23/2014 04:28:08;67.08197021484375;18.600000381469727;1024.2099609375
07/23/2014 04:38:08;66.7081298828125;19.100000381469727;1024.25
07/23/2014 04:48:08;65.99859619140625;19.5;1024.25
07/23/2014 04:58:08;65.32720947265625;19.799999237060547;1024.0699462890625
07/23/2014 05:08:08;64.93048095703125;20.100000381469727;1023.9500122070312
07/23/2014 05:18:08;64.41168212890625;20.299999237060547;1023.72998046875
07/23/2014 05:28:09;64.343017578125;20.600000381469727;1023.6699829101562
07/23/2014 05:38:09;64.037841796875;20.799999237060547;1023.4500122070312
07/23/2014 05:48:09;63.7784423828125;21.0;1023.2999877929688
07/23/2014 05:58:09;63.7479248046875;21.200000762939453;1023.0599975585938
07/23/2014 06:08:09;63.5953369140625;21.399999618530273;1022.8200073242188
07/23/2014 06:18:09;63.39697265625;21.600000381469727;1022.7999877929688
07/23/2014 06:28:09;63.2596435546875;21.700000762939453;1022.5399780273438
07/23/2014 06:38:09;63.25201416015625;21.899999618530273;1022.3800048828125
07/23/2014 06:48:09;63.09942626953125;22.100000381469727;1022.2000122070312
07/23/2014 06:58:09;63.08416748046875;22.200000762939453;1022.02001953125
07/23/2014 07:08:09;62.9239501953125;22.299999237060547;1021.8900146484375
07/23/2014 07:18:09;62.90106201171875;22.399999618530273;1021.9099731445312
07/23/2014 07:28:10;62.9544677734375;22.600000381469727;1021.9099731445312
07/23/2014 07:38:10;62.96209716796875;22.700000762939453;1021.8300170898438
07/23/2014 07:48:10;62.8323974609375;22.799999237060547;1021.6300048828125
07/23/2014 07:58:10;62.79425048828125;22.799999237060547;1021.5700073242188
07/23/2014 08:08:10;62.76373291015625;22.899999618530273;1021.4500122070312
07/23/2014 08:18:10;62.878173828125;23.0;1021.530029296875
07/23/2014 08:28:10;62.817138671875;23.100000381469727;1021.4299926757812
07/23/2014 08:38:10;62.8629150390625;23.100000381469727;1021.5499877929688
07/23/2014 08:48:10;62.78662109375;23.200000762939453;1021.510009765625
07/23/2014 08:58:10;62.82476806640625;23.200000762939453;1021.4099731445312
07/23/2014 09:08:10;62.8323974609375;23.299999237060547;1021.469970703125
07/23/2014 09:18:11;62.90106201171875;23.299999237060547;1021.3699951171875
07/23/2014 09:28:11;62.91632080078125;23.399999618530273;1021.3099975585938
07/23/2014 09:38:11;62.99261474609375;23.399999618530273;1021.469970703125
07/23/2014 09:48:11;62.9849853515625;23.399999618530273;1021.3300170898438
07/23/2014 09:58:11;63.091796875;23.399999618530273;1021.1099853515625
07/23/2014 10:08:11;63.19097900390625;23.399999618530273;1021.1300048828125
07/23/2014 10:18:11;63.122314453125;23.399999618530273;1021.1099853515625
07/23/2014 10:28:11;63.3206787109375;23.299999237060547;1021.1300048828125
07/23/2014 10:38:11;63.31304931640625;23.299999237060547;1021.0700073242188
07/23/2014 10:48:11;63.40460205078125;23.200000762939453;1020.9099731445312
07/23/2014 10:58:11;63.37408447265625;23.200000762939453;1020.969970703125
07/23/2014 11:08:11;63.46563720703125;23.200000762939453;1020.9500122070312
07/23/2014 11:18:12;63.45037841796875;23.100000381469727;1020.7899780273438
07/23/2014 11:28:12;63.45037841796875;23.100000381469727;1020.6699829101562
07/23/2014 11:38:12;63.4580078125;23.0;1020.6699829101562
07/23/2014 11:48:12;63.45037841796875;23.0;1020.7100219726562
07/23/2014 11:58:12;63.4427490234375;22.899999618530273;1020.7100219726562
07/23/2014 12:08:12;63.41986083984375;22.899999618530273;1020.7100219726562
07/23/2014 12:18:12;63.34356689453125;22.799999237060547;1020.6099853515625
07/23/2014 12:28:12;63.46563720703125;22.700000762939453;1020.5900268554688
07/23/2014 12:38:12;63.4732666015625;22.700000762939453;1020.6099853515625
07/23/2014 12:48:12;63.5037841796875;22.600000381469727;1020.6099853515625
07/23/2014 12:58:12;63.60296630859375;22.5;1020.6300048828125
07/23/2014 13:08:12;63.5953369140625;22.399999618530273;1020.8099975585938
07/23/2014 13:18:13;63.610595703125;22.299999237060547;1020.75
07/23/2014 13:28:13;63.61822509765625;22.299999237060547;1020.75
07/23/2014 13:38:13;63.58770751953125;22.200000762939453;1020.8900146484375
07/23/2014 13:48:13;63.48089599609375;22.200000762939453;1020.75
07/23/2014 13:58:13;63.26727294921875;22.200000762939453;1020.75
07/23/2014 14:08:13;63.17572021484375;22.200000762939453;1020.8300170898438
07/23/2014 14:18:13;63.03076171875;22.100000381469727;1020.8499755859375
07/23/2014 14:28:13;62.9544677734375;22.100000381469727;1020.8099975585938
07/23/2014 14:38:13;62.90869140625;22.100000381469727;1020.6699829101562
07/23/2014 14:48:13;62.82476806640625;22.0;1020.6500244140625
07/23/2014 14:58:13;62.7255859375;22.0;1020.8099975585938
07/23/2014 15:08:14;62.66455078125;22.0;1020.75
07/23/2014 15:18:14;62.450927734375;21.899999618530273;1020.7100219726562
07/23/2014 15:28:14;62.42803955078125;21.899999618530273;1020.8300170898438
07/23/2014 15:38:14;62.30596923828125;21.899999618530273;1020.7100219726562
07/23/2014 15:48:14;62.328857421875;21.799999237060547;1020.77001953125
07/23/2014 15:58:14;62.359375;21.799999237060547;1020.969970703125
07/23/2014 16:08:14;62.4356689453125;21.700000762939453;1021.0900268554688
07/23/2014 16:18:14;62.35174560546875;21.600000381469727;1021.0700073242188
07/23/2014 16:28:14;62.35174560546875;21.600000381469727;1021.1300048828125
07/23/2014 16:38:14;62.267822265625;21.600000381469727;1021.1699829101562
07/23/2014 16:48:14;62.26019287109375;21.600000381469727;1021.0700073242188
07/23/2014 16:58:14;62.115234375;21.5;1021.0900268554688
07/23/2014 17:08:15;62.03131103515625;21.5;1020.989990234375
07/23/2014 17:18:15;62.12286376953125;21.5;1020.9299926757812
07/23/2014 17:28:15;62.12286376953125;21.399999618530273;1020.8499755859375
07/23/2014 17:38:15;62.01605224609375;21.399999618530273;1020.8499755859375
07/23/2014 17:48:15;62.01605224609375;21.399999618530273;1020.6900024414062
07/23/2014 17:58:15;61.9779052734375;21.299999237060547;1020.6900024414062
07/23/2014 18:08:15;61.95501708984375;21.299999237060547;1020.6900024414062
07/23/2014 18:18:15;61.90924072265625;21.200000762939453;1020.6099853515625
07/23/2014 18:28:15;61.81768798828125;21.200000762939453;1020.6900024414062
07/23/2014 18:38:15;61.71087646484375;21.200000762939453;1020.6099853515625
07/23/2014 18:48:15;61.718505859375;21.100000381469727;1020.6699829101562
07/23/2014 18:58:15;61.66510009765625;21.100000381469727;1020.6699829101562
07/23/2014 19:08:16;61.7032470703125;21.0;1020.75
07/23/2014 19:18:16;61.64984130859375;21.0;1020.6300048828125
07/23/2014 19:28:16;61.63458251953125;20.899999618530273;1020.5900268554688
07/23/2014 19:38:16;61.63458251953125;20.899999618530273;1020.530029296875
07/23/2014 19:48:16;61.6727294921875;20.799999237060547;1020.510009765625
07/23/2014 19:58:16;61.49725341796875;20.700000762939453;1020.3900146484375
07/23/2014 20:08:16;61.51251220703125;20.700000762939453;1020.510009765625
07/23/2014 20:18:16;61.535400390625;20.600000381469727;1020.510009765625
07/23/2014 20:28:16;61.6422119140625;20.600000381469727;1020.469970703125
07/23/2014 20:38:16;61.49725341796875;20.5;1020.5499877929688
07/23/2014 20:48:16;61.57354736328125;20.5;1020.5499877929688
07/23/2014 20:58:16;61.56591796875;20.399999618530273;1020.5499877929688
07/23/2014 21:08:17;61.32177734375;20.299999237060547;1020.5900268554688
07/23/2014 21:18:17;61.3675537109375;20.299999237060547;1020.3900146484375
07/23/2014 21:28:17;61.32177734375;20.200000762939453;1020.1500244140625
07/23/2014 21:38:17;61.352294921875;20.200000762939453;1020.1500244140625
07/23/2014 21:48:17;61.3065185546875;20.100000381469727;1020.0999755859375
07/23/2014 21:58:17;61.22259521484375;20.100000381469727;1019.8800048828125
07/23/2014 22:08:17;61.25311279296875;20.0;1019.9600219726562
07/23/2014 22:18:17;61.02423095703125;20.0;1019.8599853515625
07/23/2014 22:28:17;61.13104248046875;19.899999618530273;1019.8800048828125
07/23/2014 22:38:17;60.9097900390625;19.899999618530273;1019.719970703125
07/23/2014 22:48:17;61.0166015625;19.899999618530273;1019.9199829101562
07/23/2014 22:58:17;60.9708251953125;19.799999237060547;1020.0599975585938
07/23/2014 23:08:18;61.10052490234375;19.799999237060547;1020.1500244140625
07/23/2014 23:18:18;61.0318603515625;19.700000762939453;1020.0999755859375
07/23/2014 23:28:18;60.97845458984375;19.700000762939453;1020.1900024414062
07/23/2014 23:38:18;60.85638427734375;19.600000381469727;1020.2100219726562
07/23/2014 23:48:18;61.1234130859375;19.600000381469727;1020.2100219726562
07/23/2014 23:58:18;60.986083984375;19.5;1020.1900024414062
07/24/2014 00:08:18;60.90216064453125;19.5;1020.22998046875
07/24/2014 00:18:18;60.82586669921875;19.399999618530273;1020.1699829101562
07/24/2014 00:28:18;60.9097900390625;19.399999618530273;1020.3900146484375
07/24/2014 00:38:18;60.8182373046875;19.299999237060547;1020.3699951171875
07/24/2014 00:48:18;60.95556640625;19.200000762939453;1020.489990234375
07/24/2014 00:58:18;60.7877197265625;19.200000762939453;1020.489990234375
07/24/2014 01:08:19;60.93267822265625;19.100000381469727;1020.530029296875
07/24/2014 01:18:19;60.65802001953125;19.100000381469727;1020.6699829101562
07/24/2014 01:28:19;60.7724609375;19.0;1020.7899780273438
07/24/2014 01:38:19;60.84112548828125;19.0;1020.8699951171875
07/24/2014 01:48:19;60.6351318359375;18.899999618530273;1020.969970703125
07/24/2014 01:58:19;60.45965576171875;18.799999237060547;1021.0900268554688
07/24/2014 02:08:19;60.6656494140625;18.799999237060547;1021.3300170898438
07/24/2014 02:18:19;60.5435791015625;18.700000762939453;1021.3699951171875
07/24/2014 02:28:19;60.53594970703125;18.700000762939453;1021.25
07/24/2014 02:38:19;60.58935546875;18.600000381469727;1021.27001953125
07/24/2014 02:48:19;60.45965576171875;18.5;1021.5499877929688
07/24/2014 02:58:19;60.73431396484375;18.5;1021.5499877929688
07/24/2014 03:08:20;60.49017333984375;18.5;1021.72998046875
07/24/2014 03:18:20;60.47491455078125;18.5;1021.7899780273438
07/24/2014 03:28:20;60.68853759765625;18.5;1021.8900146484375
07/24/2014 03:38:20;60.52069091796875;18.5;1021.8499755859375
07/24/2014 03:48:20;60.3909912109375;18.600000381469727;1021.8499755859375
07/24/2014 03:58:20;60.36810302734375;18.700000762939453;1021.8699951171875
07/24/2014 04:08:20;60.52069091796875;18.799999237060547;1021.75
07/24/2014 04:18:20;60.3909912109375;18.899999618530273;1021.9099731445312
07/24/2014 04:28:20;60.21551513671875;19.0;1021.97998046875
07/24/2014 04:38:20;59.95611572265625;19.100000381469727;1021.8699951171875
07/24/2014 04:48:20;60.12396240234375;19.200000762939453;1021.9600219726562
07/24/2014 04:58:20;59.9942626953125;19.299999237060547;1021.7899780273438
07/24/2014 05:08:21;59.73486328125;19.399999618530273;1021.9600219726562
07/24/2014 05:18:21;59.85693359375;19.5;1021.8900146484375
07/24/2014 05:28:21;59.69671630859375;19.600000381469727;1021.6300048828125
07/24/2014 05:38:21;59.8416748046875;19.700000762939453;1021.6500244140625
07/24/2014 05:48:21;59.57464599609375;19.899999618530273;1021.469970703125
07/24/2014 05:58:21;59.5364990234375;20.0;1021.3300170898438
07/24/2014 06:08:21;59.5517578125;20.100000381469727;1021.0700073242188
07/24/2014 06:18:21;59.4754638671875;20.200000762939453;1021.010009765625
07/24/2014 06:28:21;59.23895263671875;20.299999237060547;1021.0499877929688
07/24/2014 06:38:21;59.24658203125;20.5;1021.2100219726562
07/24/2014 06:48:21;59.33050537109375;20.5;1021.1900024414062
07/24/2014 06:58:22;59.24658203125;20.600000381469727;1021.010009765625
07/24/2014 07:08:22;59.28472900390625;20.700000762939453;1021.0900268554688
07/24/2014 07:18:22;59.20843505859375;20.899999618530273;1021.0700073242188
07/24/2014 07:28:22;59.0787353515625;21.0;1021.3300170898438
07/24/2014 07:38:22;59.23895263671875;21.0;1021.2100219726562
07/24/2014 07:48:22;59.22369384765625;21.100000381469727;1021.1900024414062
07/24/2014 07:58:22;59.36102294921875;21.200000762939453;1021.2899780273438
07/24/2014 08:08:22;59.2008056640625;21.299999237060547;1021.1900024414062
07/24/2014 08:18:22;59.216064453125;21.399999618530273;1021.25
07/24/2014 08:28:22;59.14739990234375;21.399999618530273;1021.3699951171875
07/24/2014 08:38:22;59.2008056640625;21.5;1021.1699829101562
07/24/2014 08:48:22;59.155029296875;21.600000381469727;1020.9500122070312
07/24/2014 08:58:23;59.155029296875;21.700000762939453;1021.1900024414062
07/24/2014 09:08:23;59.17791748046875;21.799999237060547;1021.3300170898438
07/24/2014 09:18:23;59.02532958984375;21.799999237060547;1021.489990234375
07/24/2014 09:28:23;59.155029296875;21.799999237060547;1021.530029296875
07/24/2014 09:38:23;59.19317626953125;21.899999618530273;1021.7100219726562
07/24/2014 09:48:23;59.185546875;22.0;1021.6699829101562
07/24/2014 09:58:23;59.093994140625;22.0;1021.6699829101562
07/24/2014 10:08:23;59.22369384765625;22.0;1021.3499755859375
07/24/2014 10:18:23;59.155029296875;22.0;1021.6699829101562
07/24/2014 10:28:23;59.17791748046875;22.0;1021.8300170898438
07/24/2014 10:38:23;59.17791748046875;22.0;1022.0399780273438
07/24/2014 10:48:23;59.0787353515625;22.0;1022.0399780273438
07/24/2014 10:58:24;59.04058837890625;22.0;1022.0999755859375
07/24/2014 11:08:24;59.05584716796875;22.0;1022.260009765625
07/24/2014 11:18:24;59.0177001953125;22.0;1022.260009765625
07/24/2014 11:28:24;59.00244140625;21.899999618530273;1022.4000244140625
07/24/2014 11:38:24;59.0177001953125;21.899999618530273;1022.7000122070312
07/24/2014 11:48:24;58.94140625;21.799999237060547;1022.9000244140625
07/24/2014 11:58:24;59.07110595703125;21.799999237060547;1022.7999877929688
07/24/2014 12:08:24;58.94140625;21.700000762939453;1022.9199829101562
07/24/2014 12:18:24;58.94903564453125;21.600000381469727;1023.02001953125
07/24/2014 12:28:24;58.9261474609375;21.600000381469727;1023.3300170898438
07/24/2014 12:38:24;58.9871826171875;21.5;1023.5499877929688
07/24/2014 12:48:24;59.00244140625;21.399999618530273;1023.7100219726562
07/24/2014 12:58:24;58.9566650390625;21.299999237060547;1023.9099731445312
07/24/2014 13:08:25;59.01007080078125;21.200000762939453;1024.050048828125
07/24/2014 13:18:25;58.96429443359375;21.100000381469727;1024.2900390625
07/24/2014 13:28:25;59.07110595703125;21.0;1024.6500244140625
07/24/2014 13:38:25;59.04058837890625;20.899999618530273;1024.75
07/24/2014 13:48:25;59.11688232421875;20.799999237060547;1024.510009765625
07/24/2014 13:58:25;59.4144287109375;20.700000762939453;1024.3699951171875
07/24/2014 14:08:25;59.26947021484375;20.600000381469727;1024.4300537109375
07/24/2014 14:18:25;59.45257568359375;20.600000381469727;1024.3900146484375
07/24/2014 14:28:25;59.2618408203125;20.5;1024.530029296875
07/24/2014 14:38:25;59.16265869140625;20.399999618530273;1024.6700439453125
07/24/2014 14:48:25;59.29998779296875;20.299999237060547;1024.4100341796875
07/24/2014 14:58:26;59.3839111328125;20.299999237060547;1024.6099853515625
07/24/2014 15:08:26;59.01007080078125;20.200000762939453;1024.3900146484375
07/24/2014 15:18:26;59.155029296875;20.200000762939453;1024.18994140625
07/24/2014 15:28:26;58.97955322265625;20.100000381469727;1024.27001953125
07/24/2014 15:38:26;59.1092529296875;20.0;1024.1500244140625
07/24/2014 15:48:26;59.185546875;20.0;1024.27001953125
07/24/2014 15:58:26;59.04058837890625;19.899999618530273;1024.4100341796875
07/24/2014 16:08:26;59.24658203125;19.899999618530273;1024.449951171875
07/24/2014 16:18:26;59.1702880859375;19.799999237060547;1024.3699951171875
07/24/2014 16:28:26;59.0787353515625;19.799999237060547;1024.3499755859375
07/24/2014 16:38:26;59.17791748046875;19.700000762939453;1024.18994140625
07/24/2014 16:48:26;59.04058837890625;19.700000762939453;1024.18994140625
07/24/2014 16:58:26;58.9261474609375;19.600000381469727;1024.0699462890625
07/24/2014 17:08:27;59.032958984375;19.600000381469727;1024.22998046875
07/24/2014 17:18:27;59.093994140625;19.600000381469727;1024.3900146484375
07/24/2014 17:28:27;58.91851806640625;19.5;1024.5699462890625
07/24/2014 17:38:27;58.971923828125;19.5;1024.6300048828125
07/24/2014 17:48:27;58.81170654296875;19.5;1024.7900390625
07/24/2014 17:58:27;58.7430419921875;19.5;1024.6099853515625
07/24/2014 18:08:27;58.67437744140625;19.399999618530273;1024.7099609375
07/24/2014 18:18:27;58.88800048828125;19.399999618530273;1024.6700439453125
07/24/2014 18:28:27;58.849853515625;19.299999237060547;1024.7099609375
07/24/2014 18:38:27;58.68963623046875;19.299999237060547;1024.72998046875
07/24/2014 18:48:27;58.697265625;19.200000762939453;1024.6300048828125
07/24/2014 18:58:27;58.7125244140625;19.100000381469727;1024.550048828125
07/24/2014 19:08:28;58.78118896484375;19.100000381469727;1024.510009765625
07/24/2014 19:18:28;58.75067138671875;19.0;1024.550048828125
07/24/2014 19:28:28;58.5904541015625;19.0;1024.5699462890625
07/24/2014 19:38:28;58.72015380859375;19.0;1024.68994140625
07/24/2014 19:48:28;58.544677734375;18.899999618530273;1024.7900390625
07/24/2014 19:58:28;58.67437744140625;18.799999237060547;1024.72998046875
07/24/2014 20:08:28;58.55230712890625;18.799999237060547;1024.8900146484375
07/24/2014 20:18:28;58.65911865234375;18.700000762939453;1025.0899658203125
07/24/2014 20:28:28;58.5751953125;18.700000762939453;1025.18994140625
07/24/2014 20:38:28;58.8193359375;18.600000381469727;1025.030029296875
07/24/2014 20:48:28;58.68963623046875;18.600000381469727;1025.050048828125
07/24/2014 20:58:28;58.72015380859375;18.600000381469727;1025.0899658203125
07/24/2014 21:08:29;58.50653076171875;18.600000381469727;1025.239990234375
07/24/2014 21:18:29;58.39208984375;18.5;1025.239990234375
07/24/2014 21:28:29;58.23187255859375;18.5;1025.1700439453125
07/24/2014 21:38:29;58.361572265625;18.399999618530273;1025.239990234375
07/24/2014 21:48:29;58.29290771484375;18.399999618530273;1025.1099853515625
07/24/2014 21:58:29;58.4989013671875;18.399999618530273;1025.030029296875
07/24/2014 22:08:29;58.15557861328125;18.299999237060547;1025.0699462890625
07/24/2014 22:18:29;58.4073486328125;18.299999237060547;1024.9100341796875
07/24/2014 22:28:29;58.3157958984375;18.299999237060547;1024.8299560546875
07/24/2014 22:38:29;58.12506103515625;18.200000762939453;1024.6099853515625
07/24/2014 22:48:29;58.26239013671875;18.200000762939453;1024.6099853515625
07/24/2014 22:58:29;58.14794921875;18.200000762939453;1024.530029296875
07/24/2014 23:08:30;57.98773193359375;18.200000762939453;1024.4100341796875
07/24/2014 23:18:30;57.9801025390625;18.100000381469727;1024.25
07/24/2014 23:28:30;57.68255615234375;18.100000381469727;1024.1099853515625
07/24/2014 23:38:30;57.81988525390625;18.100000381469727;1023.989990234375
07/24/2014 23:48:30;57.7054443359375;18.100000381469727;1023.8699951171875
07/24/2014 23:58:30;57.56048583984375;18.100000381469727;1023.6500244140625
07/25/2014 00:08:30;57.8427734375;18.0;1023.6099853515625
07/25/2014 00:18:30;57.62152099609375;18.0;1023.3499755859375
07/25/2014 00:28:30;57.24005126953125;18.0;1023.280029296875
07/25/2014 00:38:30;57.3392333984375;18.0;1023.0999755859375
07/25/2014 00:48:30;57.16375732421875;18.0;1023.1400146484375
07/25/2014 00:58:30;57.29345703125;17.899999618530273;1023.3499755859375
07/25/2014 01:08:31;57.27056884765625;17.899999618530273;1023.489990234375
07/25/2014 01:18:31;57.34686279296875;17.899999618530273;1023.3300170898438
07/25/2014 01:28:31;57.1256103515625;17.799999237060547;1023.239990234375
07/25/2014 01:38:31;57.201904296875;17.799999237060547;1023.02001953125
07/25/2014 01:48:31;57.43841552734375;17.799999237060547;1022.739990234375
07/25/2014 01:58:31;57.079833984375;17.799999237060547;1022.7999877929688
07/25/2014 02:08:31;56.96539306640625;17.799999237060547;1022.9400024414062
07/25/2014 02:18:31;57.08746337890625;17.799999237060547;1022.9000244140625
07/25/2014 02:28:31;57.2781982421875;17.799999237060547;1023.260009765625
07/25/2014 02:38:31;56.99591064453125;17.799999237060547;1023.5499877929688
07/25/2014 02:48:31;57.33160400390625;17.799999237060547;1023.989990234375
07/25/2014 02:58:31;57.14849853515625;17.799999237060547;1024.489990234375
07/25/2014 03:08:31;57.04931640625;17.799999237060547;1024.5899658203125
07/25/2014 03:18:32;57.22479248046875;17.799999237060547;1024.72998046875
07/25/2014 03:28:32;57.1866455078125;17.799999237060547;1024.8299560546875
07/25/2014 03:38:32;57.24005126953125;17.899999618530273;1024.77001953125
07/25/2014 03:48:32;57.36212158203125;18.0;1024.8499755859375
07/25/2014 03:58:32;57.2171630859375;18.100000381469727;1024.77001953125
07/25/2014 04:08:32;57.25531005859375;18.200000762939453;1024.5899658203125
07/25/2014 04:18:32;57.0950927734375;18.299999237060547;1024.31005859375
07/25/2014 04:28:32;57.17901611328125;18.399999618530273;1024.18994140625
07/25/2014 04:38:32;57.3392333984375;18.5;1024.1099853515625
07/25/2014 04:48:32;57.3544921875;18.600000381469727;1024.030029296875
07/25/2014 04:58:32;57.31634521484375;18.700000762939453;1024.1099853515625
07/25/2014 05:08:32;57.13323974609375;18.799999237060547;1024.0899658203125
07/25/2014 05:18:33;56.98065185546875;19.0;1023.8099975585938
07/25/2014 05:28:33;57.140869140625;19.100000381469727;1023.510009765625
07/25/2014 05:38:33;57.201904296875;19.299999237060547;1023.4500122070312
07/25/2014 05:48:33;57.0645751953125;19.5;1023.219970703125
07/25/2014 05:58:33;56.90435791015625;19.600000381469727;1022.8200073242188
07/25/2014 06:08:33;56.8662109375;19.799999237060547;1022.6400146484375
07/25/2014 06:18:33;56.64495849609375;19.899999618530273;1022.52001953125
07/25/2014 06:28:33;56.8662109375;20.100000381469727;1022.239990234375
07/25/2014 06:38:33;56.6983642578125;20.200000762939453;1021.8300170898438
07/25/2014 06:48:33;56.774658203125;20.299999237060547;1021.510009765625
07/25/2014 06:58:33;56.72125244140625;20.5;1021.3499755859375
07/25/2014 07:08:33;56.84332275390625;20.600000381469727;1021.27001953125
07/25/2014 07:18:34;56.81280517578125;20.700000762939453;1021.1699829101562
07/25/2014 07:28:34;56.90435791015625;20.799999237060547;1020.7899780273438
07/25/2014 07:38:34;56.73651123046875;20.899999618530273;1020.510009765625
07/25/2014 07:48:34;56.8509521484375;21.0;1020.530029296875
07/25/2014 07:58:34;57.0035400390625;21.100000381469727;1020.6099853515625
07/25/2014 08:08:34;56.91961669921875;21.200000762939453;1020.5499877929688
07/25/2014 08:18:34;56.98065185546875;21.299999237060547;1020.3499755859375
07/25/2014 08:28:34;56.84332275390625;21.399999618530273;1020.3900146484375
07/25/2014 08:38:34;57.01116943359375;21.5;1020.3699951171875
07/25/2014 08:48:34;56.98065185546875;21.600000381469727;1020.27001953125
07/25/2014 08:58:34;57.08746337890625;21.600000381469727;1020.27001953125
07/25/2014 09:08:34;57.11798095703125;21.700000762939453;1020.0599975585938
07/25/2014 09:18:34;57.262939453125;21.799999237060547;1020.1300048828125
07/25/2014 09:28:35;57.3087158203125;21.899999618530273;1020.22998046875
07/25/2014 09:38:35;57.36212158203125;21.899999618530273;1020.27001953125
07/25/2014 09:48:35;57.40789794921875;22.0;1020.0399780273438
07/25/2014 09:58:35;57.45367431640625;22.100000381469727;1019.9600219726562
07/25/2014 10:08:35;57.5986328125;22.100000381469727;1020.0999755859375
07/25/2014 10:18:35;57.6749267578125;22.200000762939453;1020.0
07/25/2014 10:28:35;57.72833251953125;22.200000762939453;1020.0599975585938
07/25/2014 10:38:35;57.65966796875;22.200000762939453;1020.02001953125
07/25/2014 10:48:35;57.720703125;22.299999237060547;1019.9600219726562
07/25/2014 10:58:35;57.7359619140625;22.299999237060547;1019.9199829101562
07/25/2014 11:08:35;57.63677978515625;22.299999237060547;1019.739990234375
07/25/2014 11:18:35;57.7359619140625;22.200000762939453;1019.5800170898438
07/25/2014 11:28:36;57.68255615234375;22.200000762939453;1019.5999755859375
07/25/2014 11:38:36;57.65203857421875;22.200000762939453;1019.5800170898438
07/25/2014 11:48:36;57.6749267578125;22.100000381469727;1019.4199829101562
07/25/2014 11:58:36;57.690185546875;22.100000381469727;1019.52001953125
07/25/2014 12:08:36;57.68255615234375;22.100000381469727;1019.719970703125
07/25/2014 12:18:36;57.6749267578125;22.0;1019.760009765625
07/25/2014 12:28:36;57.6138916015625;21.899999618530273;1019.780029296875
07/25/2014 12:38:36;57.690185546875;21.899999618530273;1019.719970703125
07/25/2014 12:48:36;57.51470947265625;21.799999237060547;1019.780029296875
07/25/2014 12:58:36;57.49945068359375;21.700000762939453;1019.780029296875
07/25/2014 13:08:36;57.62152099609375;21.600000381469727;1019.9000244140625
07/25/2014 13:18:36;57.385009765625;21.5;1019.8800048828125
07/25/2014 13:28:37;57.5528564453125;21.299999237060547;1019.9000244140625
07/25/2014 13:38:37;57.59100341796875;21.200000762939453;1019.8200073242188
07/25/2014 13:48:37;57.57574462890625;21.100000381469727;1019.780029296875
07/25/2014 13:58:37;57.59100341796875;20.899999618530273;1019.52001953125
07/25/2014 14:08:37;57.720703125;20.799999237060547;1019.5800170898438
07/25/2014 14:18:37;57.69781494140625;20.700000762939453;1019.3599853515625
07/25/2014 14:28:37;57.83514404296875;20.5;1019.3400268554688
07/25/2014 14:38:37;57.77410888671875;20.399999618530273;1019.1799926757812
07/25/2014 14:48:37;57.88092041015625;20.299999237060547;1019.280029296875
07/25/2014 14:58:37;57.83514404296875;20.200000762939453;1019.239990234375
07/25/2014 15:08:37;57.63677978515625;20.100000381469727;1019.0599975585938
07/25/2014 15:18:37;57.88092041015625;19.899999618530273;1019.0399780273438
07/25/2014 15:28:37;57.690185546875;19.799999237060547;1019.0399780273438
07/25/2014 15:38:38;57.7359619140625;19.700000762939453;1018.8800048828125
07/25/2014 15:48:38;57.72833251953125;19.600000381469727;1018.8599853515625
07/25/2014 15:58:38;57.59100341796875;19.5;1018.97998046875
07/25/2014 16:08:38;57.7054443359375;19.399999618530273;1019.2000122070312
07/25/2014 16:18:38;57.72833251953125;19.299999237060547;1019.1199951171875
07/25/2014 16:28:38;57.8275146484375;19.200000762939453;1019.1199951171875
07/25/2014 16:38:38;57.690185546875;19.100000381469727;1019.1799926757812
07/25/2014 16:48:38;57.65203857421875;19.0;1019.1799926757812
07/25/2014 16:58:38;57.90380859375;18.899999618530273;1019.0
07/25/2014 17:08:38;57.59100341796875;18.799999237060547;1018.7999877929688
07/25/2014 17:18:38;57.5833740234375;18.700000762939453;1019.0
07/25/2014 17:28:38;57.75885009765625;18.600000381469727;1019.0399780273438
07/25/2014 17:38:39;57.7359619140625;18.600000381469727;1019.02001953125
07/25/2014 17:48:39;57.3697509765625;18.5;1019.0599975585938
07/25/2014 17:58:39;57.63677978515625;18.5;1018.9400024414062
07/25/2014 18:08:39;57.49945068359375;18.399999618530273;1018.97998046875
07/25/2014 18:18:39;57.507080078125;18.299999237060547;1018.8400268554688
07/25/2014 18:28:39;57.43841552734375;18.200000762939453;1018.9000244140625
07/25/2014 18:38:39;57.40789794921875;18.100000381469727;1018.7999877929688
07/25/2014 18:48:39;57.28582763671875;18.100000381469727;1018.7000122070312
07/25/2014 18:58:39;57.079833984375;18.0;1018.719970703125
07/25/2014 19:08:39;57.262939453125;18.0;1018.8800048828125
07/25/2014 19:18:39;56.9119873046875;17.899999618530273;1019.02001953125
07/25/2014 19:28:39;57.1866455078125;17.899999618530273;1019.02001953125
07/25/2014 19:38:40;57.28582763671875;17.799999237060547;1019.0599975585938
07/25/2014 19:48:40;57.0645751953125;17.799999237060547;1019.1199951171875
07/25/2014 19:58:40;56.8509521484375;17.700000762939453;1019.2000122070312
07/25/2014 20:08:40;56.88909912109375;17.700000762939453;1019.239990234375
07/25/2014 20:18:40;56.84332275390625;17.600000381469727;1019.4400024414062
07/25/2014 20:28:40;57.018798828125;17.5;1019.3200073242188
07/25/2014 20:38:40;56.8814697265625;17.5;1019.239990234375
07/25/2014 20:48:40;56.55340576171875;17.5;1019.3200073242188
07/25/2014 20:58:40;56.76702880859375;17.399999618530273;1019.280029296875
07/25/2014 21:08:40;56.8814697265625;17.399999618530273;1019.239990234375
07/25/2014 21:18:40;56.652587890625;17.299999237060547;1019.0399780273438
07/25/2014 21:28:40;56.87384033203125;17.299999237060547;1019.1400146484375
07/25/2014 21:38:40;56.59918212890625;17.299999237060547;1019.0
07/25/2014 21:48:41;56.85858154296875;17.299999237060547;1018.9000244140625
07/25/2014 21:58:41;56.67547607421875;17.200000762939453;1018.8599853515625
07/25/2014 22:08:41;56.53814697265625;17.200000762939453;1018.9000244140625
07/25/2014 22:18:41;56.62969970703125;17.200000762939453;1018.9000244140625
07/25/2014 22:28:41;56.530517578125;17.200000762939453;1018.8599853515625
07/25/2014 22:38:41;56.67547607421875;17.200000762939453;1018.739990234375
07/25/2014 22:48:41;56.744140625;17.200000762939453;1018.760009765625
07/25/2014 22:58:41;56.41607666015625;17.100000381469727;1018.760009765625
07/25/2014 23:08:41;56.530517578125;17.100000381469727;1018.760009765625
07/25/2014 23:18:41;56.43896484375;17.100000381469727;1018.7999877929688
07/25/2014 23:28:41;56.68310546875;17.100000381469727;1018.780029296875
07/25/2014 23:38:41;56.43896484375;17.100000381469727;1018.6199951171875
07/25/2014 23:48:42;56.66021728515625;17.100000381469727;1018.7999877929688
07/25/2014 23:58:42;56.70599365234375;17.100000381469727;1019.0
07/26/2014 00:08:42;56.37030029296875;17.100000381469727;1018.97998046875
07/26/2014 00:18:42;56.32452392578125;17.100000381469727;1018.8599853515625
07/26/2014 00:28:42;56.4847412109375;17.100000381469727;1019.0599975585938
07/26/2014 00:38:42;56.469482421875;17.100000381469727;1019.4400024414062
07/26/2014 00:48:42;56.347412109375;17.100000381469727;1019.52001953125
07/26/2014 00:58:42;56.2406005859375;17.100000381469727;1019.6199951171875
07/26/2014 01:08:42;56.591552734375;17.100000381469727;1019.6199951171875
07/26/2014 01:18:42;56.23297119140625;17.100000381469727;1019.760009765625
07/26/2014 01:28:42;56.49237060546875;17.100000381469727;1019.760009765625
07/26/2014 01:38:42;56.225341796875;17.100000381469727;1019.8599853515625
07/26/2014 01:48:42;56.53814697265625;17.100000381469727;1019.9000244140625
07/26/2014 01:58:43;56.41607666015625;17.100000381469727;1020.02001953125
07/26/2014 02:08:43;56.37030029296875;17.100000381469727;1020.0999755859375
07/26/2014 02:18:43;56.3779296875;17.100000381469727;1020.1099853515625
07/26/2014 02:28:43;56.5;17.100000381469727;1020.22998046875
07/26/2014 02:38:43;56.47711181640625;17.100000381469727;1020.1699829101562
07/26/2014 02:48:43;56.255859375;17.0;1020.3300170898438
07/26/2014 02:58:43;56.2406005859375;17.100000381469727;1020.510009765625
07/26/2014 03:08:43;56.46185302734375;17.100000381469727;1020.6500244140625
07/26/2014 03:18:43;56.44659423828125;17.100000381469727;1020.6300048828125
07/26/2014 03:28:43;56.408447265625;17.200000762939453;1020.8499755859375
07/26/2014 03:38:43;56.408447265625;17.200000762939453;1020.8900146484375
07/26/2014 03:48:43;56.19482421875;17.399999618530273;1020.9099731445312
07/26/2014 03:58:44;56.1337890625;17.5;1021.1099853515625
07/26/2014 04:08:44;56.11090087890625;17.600000381469727;1021.3300170898438
07/26/2014 04:18:44;56.3626708984375;17.700000762939453;1021.4500122070312
07/26/2014 04:28:44;56.00408935546875;17.799999237060547;1021.530029296875
07/26/2014 04:38:44;56.38555908203125;17.899999618530273;1021.510009765625
07/26/2014 04:48:44;56.042236328125;18.0;1021.5900268554688
07/26/2014 04:58:44;56.347412109375;18.200000762939453;1021.6300048828125
07/26/2014 05:08:44;55.9354248046875;18.299999237060547;1021.4299926757812
07/26/2014 05:18:44;55.89727783203125;18.5;1021.2899780273438
07/26/2014 05:28:44;55.8743896484375;18.600000381469727;1021.2100219726562
07/26/2014 05:38:44;55.9049072265625;18.799999237060547;1020.8900146484375
07/26/2014 05:48:44;55.8743896484375;19.0;1020.77001953125
07/26/2014 05:58:45;55.95068359375;19.100000381469727;1020.8300170898438
07/26/2014 06:08:45;55.82098388671875;19.299999237060547;1020.6900024414062
07/26/2014 06:18:45;55.75994873046875;19.5;1020.4500122070312
07/26/2014 06:28:45;55.737060546875;19.700000762939453;1020.3699951171875
07/26/2014 06:38:45;55.7523193359375;19.899999618530273;1020.3499755859375
07/26/2014 06:48:45;55.6912841796875;20.0;1020.3699951171875
07/26/2014 06:58:45;55.5692138671875;20.100000381469727;1020.22998046875
07/26/2014 07:08:45;55.57684326171875;20.299999237060547;1020.2899780273438
07/26/2014 07:18:45;55.6607666015625;20.399999618530273;1020.1500244140625
07/26/2014 07:28:45;55.8133544921875;20.5;1020.0
07/26/2014 07:38:45;55.83624267578125;20.600000381469727;1019.7999877929688
07/26/2014 07:48:45;55.7828369140625;20.700000762939453;1019.9000244140625
07/26/2014 07:58:46;55.72943115234375;20.799999237060547;1019.6799926757812
07/26/2014 08:08:46;55.82861328125;20.899999618530273;1019.7000122070312
07/26/2014 08:18:46;55.86676025390625;21.0;1019.6799926757812
07/26/2014 08:28:46;55.9354248046875;21.200000762939453;1019.9400024414062
07/26/2014 08:38:46;56.042236328125;21.299999237060547;1019.9000244140625
07/26/2014 08:48:46;55.981201171875;21.299999237060547;1019.9199829101562
07/26/2014 08:58:46;56.1337890625;21.399999618530273;1019.9600219726562
07/26/2014 09:08:46;56.14141845703125;21.5;1020.1900024414062
07/26/2014 09:18:46;56.23297119140625;21.600000381469727;1020.27001953125
07/26/2014 09:28:46;56.3931884765625;21.700000762939453;1020.4299926757812
07/26/2014 09:38:46;56.4237060546875;21.799999237060547;1020.4500122070312
07/26/2014 09:48:46;56.43896484375;21.799999237060547;1020.6699829101562
07/26/2014 09:58:46;56.56103515625;21.899999618530273;1020.6500244140625
07/26/2014 10:08:47;56.62969970703125;22.0;1020.8499755859375
07/26/2014 10:18:47;56.530517578125;22.0;1020.8300170898438
07/26/2014 10:28:47;56.64495849609375;22.100000381469727;1020.8900146484375
07/26/2014 10:38:47;56.61444091796875;22.100000381469727;1020.77001953125
07/26/2014 10:48:47;56.6678466796875;22.200000762939453;1020.8099975585938
07/26/2014 10:58:47;56.80517578125;22.200000762939453;1020.8699951171875
07/26/2014 11:08:47;56.8204345703125;22.200000762939453;1020.8300170898438
07/26/2014 11:18:47;56.87384033203125;22.200000762939453;1020.8099975585938
07/26/2014 11:28:47;57.04168701171875;22.200000762939453;1020.9500122070312
07/26/2014 11:38:47;57.1256103515625;22.200000762939453;1021.0900268554688
07/26/2014 11:48:47;57.16375732421875;22.200000762939453;1020.969970703125
07/26/2014 11:58:47;57.1561279296875;22.100000381469727;1021.0900268554688
07/26/2014 12:08:48;57.10272216796875;22.100000381469727;1021.0900268554688
07/26/2014 12:18:48;56.96539306640625;22.100000381469727;1021.1300048828125
07/26/2014 12:28:48;57.0035400390625;22.0;1021.030029296875
07/26/2014 12:38:48;56.90435791015625;22.0;1021.010009765625
07/26/2014 12:48:48;56.96539306640625;21.899999618530273;1021.1500244140625
07/26/2014 12:58:48;56.92724609375;21.799999237060547;1021.0700073242188
07/26/2014 13:08:48;56.95013427734375;21.700000762939453;1021.1900024414062
07/26/2014 13:18:48;56.9425048828125;21.600000381469727;1021.25
07/26/2014 13:28:48;56.95013427734375;21.5;1021.4099731445312
07/26/2014 13:38:48;56.88909912109375;21.399999618530273;1021.4500122070312
07/26/2014 13:48:48;56.9119873046875;21.299999237060547;1021.3499755859375
07/26/2014 13:58:48;56.81280517578125;21.200000762939453;1021.3900146484375
07/26/2014 14:08:49;56.774658203125;21.100000381469727;1021.25
07/26/2014 14:18:49;56.73651123046875;21.0;1021.3499755859375
07/26/2014 14:28:49;56.8814697265625;20.899999618530273;1021.3900146484375
07/26/2014 14:38:49;56.9730224609375;20.799999237060547;1021.1699829101562
07/26/2014 14:48:49;57.02642822265625;20.600000381469727;1021.25
07/26/2014 14:58:49;57.0645751953125;20.5;1021.3699951171875
07/26/2014 15:08:49;57.10272216796875;20.399999618530273;1021.3099975585938
07/26/2014 15:18:49;57.07220458984375;20.200000762939453;1021.4299926757812
07/26/2014 15:28:49;56.91961669921875;20.100000381469727;1021.4299926757812
07/26/2014 15:38:49;56.99591064453125;20.0;1021.4500122070312
07/26/2014 15:48:49;57.13323974609375;19.899999618530273;1021.510009765625
07/26/2014 15:58:49;56.896728515625;19.799999237060547;1021.6099853515625
07/26/2014 16:08:49;57.1256103515625;19.700000762939453;1021.5700073242188
07/26/2014 16:18:50;56.81280517578125;19.600000381469727;1021.4099731445312
07/26/2014 16:28:50;57.04168701171875;19.5;1021.5499877929688
07/26/2014 16:38:50;56.95013427734375;19.399999618530273;1021.6900024414062
07/26/2014 16:48:50;56.90435791015625;19.299999237060547;1021.77001953125
07/26/2014 16:58:50;56.76702880859375;19.200000762939453;1021.8300170898438
07/26/2014 17:08:50;56.98828125;19.100000381469727;1021.7899780273438
07/26/2014 17:18:50;57.0950927734375;19.100000381469727;1022.0
07/26/2014 17:28:50;56.8662109375;19.0;1021.97998046875
07/26/2014 17:38:50;56.88909912109375;18.899999618530273;1021.8900146484375
07/26/2014 17:48:50;56.73651123046875;18.799999237060547;1021.9099731445312
07/26/2014 17:58:50;56.7899169921875;18.700000762939453;1021.8300170898438
07/26/2014 18:08:50;57.05694580078125;18.600000381469727;1021.8900146484375
07/26/2014 18:18:51;56.79754638671875;18.5;1021.9099731445312
07/26/2014 18:28:51;56.6678466796875;18.399999618530273;1021.9600219726562
07/26/2014 18:38:51;56.957763671875;18.399999618530273;1021.9600219726562
07/26/2014 18:48:51;57.018798828125;18.299999237060547;1022.0
07/26/2014 18:58:51;56.68310546875;18.200000762939453;1022.0599975585938
07/26/2014 19:08:51;56.957763671875;18.100000381469727;1021.8900146484375
07/26/2014 19:18:51;56.6678466796875;18.100000381469727;1021.77001953125
07/26/2014 19:28:51;56.896728515625;18.0;1021.9099731445312
07/26/2014 19:38:51;56.56866455078125;17.899999618530273;1021.8499755859375
07/26/2014 19:48:51;56.744140625;17.899999618530273;1021.8900146484375
07/26/2014 19:58:51;56.52288818359375;17.799999237060547;1022.0
07/26/2014 20:08:51;56.73651123046875;17.700000762939453;1021.97998046875
07/26/2014 20:18:51;56.59918212890625;17.700000762939453;1022.2000122070312
07/26/2014 20:28:52;56.8204345703125;17.600000381469727;1022.2000122070312
07/26/2014 20:38:52;56.7593994140625;17.5;1022.1799926757812
07/26/2014 20:48:52;56.78228759765625;17.5;1022.0800170898438
07/26/2014 20:58:52;56.70599365234375;17.399999618530273;1022.0800170898438
07/26/2014 21:08:52;56.6220703125;17.399999618530273;1021.8699951171875
07/26/2014 21:18:52;56.5152587890625;17.299999237060547;1022.02001953125
07/26/2014 21:28:52;56.6373291015625;17.200000762939453;1022.02001953125
07/26/2014 21:38:52;56.68310546875;17.200000762939453;1021.8300170898438
07/26/2014 21:48:52;56.43896484375;17.200000762939453;1021.8300170898438
07/26/2014 21:58:52;56.38555908203125;17.100000381469727;1021.8699951171875
07/26/2014 22:08:52;56.5457763671875;17.100000381469727;1021.7899780273438
07/26/2014 22:18:52;56.40081787109375;17.100000381469727;1021.77001953125
07/26/2014 22:28:53;56.53814697265625;17.0;1021.7899780273438
07/26/2014 22:38:53;56.24822998046875;17.0;1021.6900024414062
07/26/2014 22:48:53;56.14141845703125;17.0;1021.7899780273438
07/26/2014 22:58:53;56.2406005859375;17.0;1021.6300048828125
07/26/2014 23:08:53;56.0880126953125;17.0;1021.489990234375
07/26/2014 23:18:53;56.3321533203125;16.899999618530273;1021.4500122070312
07/26/2014 23:28:53;56.06512451171875;16.899999618530273;1021.5900268554688
07/26/2014 23:38:53;55.95068359375;16.899999618530273;1021.530029296875
07/26/2014 23:48:53;56.042236328125;16.899999618530273;1021.6900024414062
07/26/2014 23:58:53;56.12615966796875;16.899999618530273;1021.6300048828125
07/27/2014 00:08:53;56.12615966796875;16.899999618530273;1021.7100219726562
07/27/2014 00:18:53;56.06512451171875;16.799999237060547;1021.6699829101562
07/27/2014 00:28:53;55.9354248046875;16.799999237060547;1021.8300170898438
07/27/2014 00:38:54;55.9659423828125;16.799999237060547;1021.9099731445312
07/27/2014 00:48:54;56.00408935546875;16.799999237060547;1021.97998046875
07/27/2014 00:58:54;56.0880126953125;16.700000762939453;1022.02001953125
07/27/2014 01:08:54;55.7523193359375;16.700000762939453;1022.0599975585938
07/27/2014 01:18:54;56.08038330078125;16.700000762939453;1022.0999755859375
07/27/2014 01:28:54;56.01934814453125;16.600000381469727;1022.2000122070312
07/27/2014 01:38:54;55.68365478515625;16.600000381469727;1022.5800170898438
07/27/2014 01:48:54;55.86676025390625;16.600000381469727;1022.6799926757812
07/27/2014 01:58:54;55.6607666015625;16.5;1022.8800048828125
07/27/2014 02:08:54;55.9659423828125;16.5;1022.760009765625
07/27/2014 02:18:54;55.60736083984375;16.5;1022.8800048828125
07/27/2014 02:28:54;55.89727783203125;16.399999618530273;1023.0399780273438
07/27/2014 02:38:55;55.58447265625;16.399999618530273;1023.0800170898438
07/27/2014 02:48:55;55.7218017578125;16.399999618530273;1023.02001953125
07/27/2014 02:58:55;55.6455078125;16.299999237060547;1023.0
07/27/2014 03:08:55;55.71417236328125;16.299999237060547;1023.0599975585938
07/27/2014 03:18:55;55.95831298828125;16.299999237060547;1023.219970703125
07/27/2014 03:28:55;55.83624267578125;16.299999237060547;1023.2999877929688
07/27/2014 03:38:55;55.8896484375;16.399999618530273;1023.1799926757812
07/27/2014 03:48:55;55.77520751953125;16.5;1023.2999877929688
07/27/2014 03:58:55;55.9964599609375;16.600000381469727;1023.239990234375
07/27/2014 04:08:55;55.8896484375;16.799999237060547;1023.219970703125
07/27/2014 04:18:55;55.7523193359375;16.899999618530273;1023.219970703125
07/27/2014 04:28:55;55.676025390625;17.0;1023.0999755859375
07/27/2014 04:38:55;55.54632568359375;17.100000381469727;1023.0800170898438
07/27/2014 04:48:56;55.72943115234375;17.299999237060547;1023.0800170898438
07/27/2014 04:58:56;55.68365478515625;17.399999618530273;1022.9000244140625
07/27/2014 05:08:56;55.5081787109375;17.600000381469727;1022.7999877929688
07/27/2014 05:18:56;55.431884765625;17.799999237060547;1022.5399780273438
07/27/2014 05:28:56;55.4013671875;17.899999618530273;1022.3200073242188
07/27/2014 05:38:56;55.60736083984375;18.100000381469727;1022.1599731445312
07/27/2014 05:48:56;55.3250732421875;18.299999237060547;1022.0
07/27/2014 05:58:56;55.492919921875;18.399999618530273;1021.8300170898438
07/27/2014 06:08:56;55.57684326171875;18.600000381469727;1021.6300048828125
07/27/2014 06:18:56;55.614990234375;18.799999237060547;1021.489990234375
07/27/2014 06:28:56;55.2640380859375;19.0;1021.4299926757812
07/27/2014 06:38:56;55.5081787109375;19.200000762939453;1021.3300170898438
07/27/2014 06:48:57;55.279296875;19.399999618530273;1021.0900268554688
07/27/2014 06:58:57;55.42425537109375;19.5;1020.9099731445312
07/27/2014 07:08:57;55.33270263671875;19.600000381469727;1020.77001953125
07/27/2014 07:18:57;55.43951416015625;19.799999237060547;1020.510009765625
07/27/2014 07:28:57;55.58447265625;19.899999618530273;1020.3099975585938
07/27/2014 07:38:57;55.48529052734375;20.0;1020.3099975585938
07/27/2014 07:48:57;55.5234375;20.100000381469727;1020.2899780273438
07/27/2014 07:58:57;55.60736083984375;20.299999237060547;1020.25
07/27/2014 08:08:57;55.57684326171875;20.399999618530273;1020.2899780273438
07/27/2014 08:18:57;55.676025390625;20.5;1020.3499755859375
07/27/2014 08:28:57;55.7828369140625;20.600000381469727;1020.1300048828125
07/27/2014 08:38:57;55.8438720703125;20.700000762939453;1020.3099975585938
07/27/2014 08:48:57;55.74468994140625;20.799999237060547;1020.4099731445312
07/27/2014 08:58:58;55.82861328125;20.899999618530273;1020.3099975585938
07/27/2014 09:08:58;55.9964599609375;21.0;1020.3099975585938
07/27/2014 09:18:58;55.95068359375;21.100000381469727;1020.22998046875
07/27/2014 09:28:58;56.11090087890625;21.200000762939453;1020.22998046875
07/27/2014 09:38:58;56.06512451171875;21.200000762939453;1020.2100219726562
07/27/2014 09:48:58;56.0880126953125;21.299999237060547;1020.1500244140625
07/27/2014 09:58:58;56.164306640625;21.399999618530273;1020.3900146484375
07/27/2014 10:08:58;56.3016357421875;21.5;1020.510009765625
07/27/2014 10:18:58;56.2406005859375;21.600000381469727;1020.5900268554688
07/27/2014 10:28:58;56.3626708984375;21.600000381469727;1020.5700073242188
07/27/2014 10:38:58;56.4237060546875;21.700000762939453;1020.469970703125
07/27/2014 10:48:58;56.408447265625;21.799999237060547;1020.469970703125
07/27/2014 10:58:59;56.44659423828125;21.799999237060547;1020.5900268554688
07/27/2014 11:08:59;56.47711181640625;21.799999237060547;1020.510009765625
07/27/2014 11:18:59;56.50762939453125;21.799999237060547;1020.5900268554688
07/27/2014 11:28:59;56.55340576171875;21.799999237060547;1020.510009765625
07/27/2014 11:38:59;56.64495849609375;21.799999237060547;1020.3099975585938
07/27/2014 11:48:59;56.652587890625;21.799999237060547;1020.25
07/27/2014 11:58:59;56.6983642578125;21.700000762939453;1020.3499755859375
07/27/2014 12:08:59;56.6373291015625;21.700000762939453;1020.4500122070312
07/27/2014 12:18:59;56.64495849609375;21.700000762939453;1020.7100219726562
07/27/2014 12:28:59;56.68310546875;21.600000381469727;1020.8499755859375
07/27/2014 12:38:59;56.6220703125;21.600000381469727;1021.1500244140625
07/27/2014 12:48:59;56.73651123046875;21.5;1021.3099975585938
07/27/2014 12:58:59;56.6220703125;21.399999618530273;1021.3099975585938
07/27/2014 13:09:00;56.67547607421875;21.399999618530273;1021.3300170898438
07/27/2014 13:19:00;56.591552734375;21.299999237060547;1021.489990234375
07/27/2014 13:29:00;56.43896484375;21.200000762939453;1021.489990234375
07/27/2014 13:39:00;56.3779296875;21.100000381469727;1021.4099731445312
07/27/2014 13:49:00;56.408447265625;21.0;1021.75
07/27/2014 13:59:00;56.46185302734375;20.899999618530273;1021.6500244140625
07/27/2014 14:09:00;56.5457763671875;20.799999237060547;1021.6900024414062
07/27/2014 14:19:00;56.67547607421875;20.600000381469727;1021.8099975585938
07/27/2014 14:29:00;56.4847412109375;20.5;1022.0599975585938
07/27/2014 14:39:00;56.5152587890625;20.399999618530273;1022.1199951171875
07/27/2014 14:49:00;56.61444091796875;20.200000762939453;1022.0999755859375
07/27/2014 14:59:00;56.67547607421875;20.100000381469727;1022.280029296875
07/27/2014 15:09:01;56.713623046875;20.0;1022.4400024414062
07/27/2014 15:19:01;56.91961669921875;19.899999618530273;1022.4000244140625
07/27/2014 15:29:01;56.82806396484375;19.799999237060547;1022.2999877929688
07/27/2014 15:39:01;56.85858154296875;19.700000762939453;1022.4600219726562
07/27/2014 15:49:01;56.591552734375;19.600000381469727;1022.6599731445312
07/27/2014 15:59:01;56.62969970703125;19.5;1022.5399780273438
07/27/2014 16:09:01;56.76702880859375;19.399999618530273;1022.5599975585938
07/27/2014 16:19:01;56.744140625;19.299999237060547;1022.6199951171875
07/27/2014 16:29:01;56.896728515625;19.200000762939453;1022.6599731445312
07/27/2014 16:39:01;56.61444091796875;19.100000381469727;1022.5599975585938
07/27/2014 16:49:01;56.53814697265625;19.0;1022.5399780273438
07/27/2014 16:59:01;56.7593994140625;18.899999618530273;1022.5800170898438
07/27/2014 17:09:01;56.591552734375;18.799999237060547;1022.5399780273438
07/27/2014 17:19:02;56.652587890625;18.700000762939453;1022.280029296875
07/27/2014 17:29:02;56.79754638671875;18.600000381469727;1022.280029296875
07/27/2014 17:39:02;56.591552734375;18.5;1022.5
07/27/2014 17:49:02;56.79754638671875;18.399999618530273;1022.7999877929688
07/27/2014 17:59:02;56.78228759765625;18.399999618530273;1022.5999755859375
07/27/2014 18:09:02;56.73651123046875;18.299999237060547;1022.6799926757812
07/27/2014 18:19:02;56.5;18.200000762939453;1022.7000122070312
07/27/2014 18:29:02;56.53814697265625;18.200000762939453;1022.7999877929688
07/27/2014 18:39:02;56.7899169921875;18.100000381469727;1022.5999755859375
07/27/2014 18:49:02;56.408447265625;18.0;1022.5
07/27/2014 18:59:02;56.469482421875;18.0;1022.5999755859375
07/27/2014 19:09:02;56.7288818359375;17.899999618530273;1022.6599731445312
07/27/2014 19:19:02;56.530517578125;17.899999618530273;1022.9199829101562
07/27/2014 19:29:03;56.58392333984375;17.799999237060547;1022.97998046875
07/27/2014 19:39:03;56.652587890625;17.799999237060547;1023.1400146484375
07/27/2014 19:49:03;56.32452392578125;17.700000762939453;1023.1799926757812
07/27/2014 19:59:03;56.67547607421875;17.600000381469727;1023.219970703125
07/27/2014 20:09:03;56.35504150390625;17.600000381469727;1023.1199951171875
07/27/2014 20:19:03;56.59918212890625;17.5;1023.1599731445312
07/27/2014 20:29:03;56.35504150390625;17.5;1023.469970703125
07/27/2014 20:39:03;56.56103515625;17.5;1023.3900146484375
07/27/2014 20:49:03;56.44659423828125;17.399999618530273;1023.3300170898438
07/27/2014 20:59:03;56.286376953125;17.299999237060547;1023.260009765625
07/27/2014 21:09:03;56.5762939453125;17.299999237060547;1023.2000122070312
07/27/2014 21:19:03;56.286376953125;17.200000762939453;1023.2000122070312
07/27/2014 21:29:04;56.225341796875;17.200000762939453;1023.219970703125
07/27/2014 21:39:04;56.3931884765625;17.200000762939453;1023.1799926757812
07/27/2014 21:49:04;56.530517578125;17.100000381469727;1023.2999877929688
07/27/2014 21:59:04;56.37030029296875;17.100000381469727;1023.260009765625
07/27/2014 22:09:04;56.37030029296875;17.0;1023.2999877929688
07/27/2014 22:19:04;56.164306640625;17.0;1023.489990234375
07/27/2014 22:29:04;56.347412109375;17.0;1023.3900146484375
07/27/2014 22:39:04;56.23297119140625;16.899999618530273;1023.4299926757812
07/27/2014 22:49:04;55.859130859375;17.0;1023.3499755859375
07/27/2014 22:59:04;56.15667724609375;16.899999618530273;1023.3200073242188
07/27/2014 23:09:04;56.1337890625;16.899999618530273;1023.219970703125
07/27/2014 23:19:04;55.86676025390625;16.899999618530273;1023.280029296875
07/27/2014 23:29:04;55.8438720703125;16.899999618530273;1023.3499755859375
07/27/2014 23:39:05;55.71417236328125;16.799999237060547;1023.1799926757812
07/27/2014 23:49:05;55.88201904296875;16.799999237060547;1023.4099731445312
07/27/2014 23:59:05;56.06512451171875;16.799999237060547;1023.4099731445312
07/28/2014 00:09:05;56.01171875;16.799999237060547;1023.3300170898438
07/28/2014 00:19:05;55.89727783203125;16.700000762939453;1023.239990234375
07/28/2014 00:29:05;55.71417236328125;16.700000762939453;1023.3300170898438
07/28/2014 00:39:05;55.77520751953125;16.700000762939453;1023.4500122070312
07/28/2014 00:49:05;55.53106689453125;16.700000762939453;1023.4500122070312
07/28/2014 00:59:05;55.8133544921875;16.600000381469727;1023.4299926757812
07/28/2014 01:09:05;55.5997314453125;16.600000381469727;1023.3699951171875
07/28/2014 01:19:05;55.737060546875;16.5;1023.510009765625
07/28/2014 01:29:05;55.86676025390625;16.5;1023.489990234375
07/28/2014 01:39:06;55.77520751953125;16.5;1023.5700073242188
07/28/2014 01:49:06;55.767578125;16.5;1023.5700073242188
07/28/2014 01:59:06;55.676025390625;16.399999618530273;1023.530029296875
07/28/2014 02:09:06;55.62261962890625;16.399999618530273;1023.77001953125
07/28/2014 02:19:06;55.737060546875;16.299999237060547;1023.9299926757812
07/28/2014 02:29:06;55.54632568359375;16.299999237060547;1024.0699462890625
07/28/2014 02:39:06;55.51580810546875;16.299999237060547;1024.25
07/28/2014 02:49:06;55.68365478515625;16.299999237060547;1024.22998046875
07/28/2014 02:59:06;55.7218017578125;16.200000762939453;1024.3299560546875
07/28/2014 03:09:06;55.5386962890625;16.299999237060547;1024.6500244140625
07/28/2014 03:19:06;55.66839599609375;16.200000762939453;1024.8499755859375
07/28/2014 03:29:06;55.7828369140625;16.200000762939453;1024.9300537109375
07/28/2014 03:39:06;55.94305419921875;16.299999237060547;1025.050048828125
07/28/2014 03:49:07;55.66839599609375;16.399999618530273;1025.1500244140625
07/28/2014 03:59:07;55.82861328125;16.5;1025.219970703125
07/28/2014 04:09:07;55.33270263671875;16.700000762939453;1025.4200439453125
07/28/2014 04:19:07;55.60736083984375;16.799999237060547;1025.4599609375
07/28/2014 04:29:07;55.31744384765625;16.899999618530273;1025.4599609375
07/28/2014 04:39:07;55.30218505859375;17.100000381469727;1025.3599853515625
07/28/2014 04:49:07;55.21063232421875;17.200000762939453;1025.47998046875
07/28/2014 04:59:07;55.248779296875;17.399999618530273;1025.4200439453125
07/28/2014 05:09:07;55.42425537109375;17.5;1025.4000244140625
07/28/2014 05:19:07;55.39373779296875;17.700000762939453;1025.300048828125
07/28/2014 05:29:07;55.01226806640625;17.899999618530273;1025.050048828125
07/28/2014 05:39:07;55.09619140625;18.100000381469727;1024.72998046875
07/28/2014 05:49:08;55.28692626953125;18.200000762939453;1024.5899658203125
07/28/2014 05:59:08;55.248779296875;18.399999618530273;1024.469970703125
07/28/2014 06:09:08;55.24114990234375;18.600000381469727;1024.4100341796875
07/28/2014 06:19:08;55.004638671875;18.799999237060547;1024.489990234375
07/28/2014 06:29:08;54.90545654296875;19.0;1024.2900390625
07/28/2014 06:39:08;54.97412109375;19.100000381469727;1024.489990234375
07/28/2014 06:49:08;55.0504150390625;19.299999237060547;1024.4100341796875
07/28/2014 06:59:08;55.1572265625;19.399999618530273;1024.3499755859375
07/28/2014 07:09:08;54.95123291015625;19.600000381469727;1024.3499755859375
07/28/2014 07:19:08;55.25640869140625;19.700000762939453;1024.6300048828125
07/28/2014 07:29:08;54.98175048828125;19.899999618530273;1024.5899658203125
07/28/2014 07:39:08;55.2640380859375;20.0;1024.530029296875
07/28/2014 07:49:08;55.1114501953125;20.100000381469727;1024.449951171875
07/28/2014 07:59:09;55.25640869140625;20.299999237060547;1024.469970703125
07/28/2014 08:09:09;55.27166748046875;20.399999618530273;1024.530029296875
07/28/2014 08:19:09;55.27166748046875;20.5;1024.3499755859375
07/28/2014 08:29:09;55.279296875;20.700000762939453;1024.550048828125
07/28/2014 08:39:09;55.2640380859375;20.799999237060547;1024.3299560546875
07/28/2014 08:49:09;55.37847900390625;20.899999618530273;1024.530029296875
07/28/2014 08:59:09;55.48529052734375;21.0;1024.6500244140625
07/28/2014 09:09:09;55.47003173828125;21.100000381469727;1024.72998046875
07/28/2014 09:19:09;55.6607666015625;21.200000762939453;1025.030029296875
07/28/2014 09:29:09;55.7218017578125;21.299999237060547;1025.199951171875
07/28/2014 09:39:09;55.79046630859375;21.299999237060547;1025.300048828125
07/28/2014 09:49:09;55.9049072265625;21.399999618530273;1025.1700439453125
07/28/2014 09:59:10;55.83624267578125;21.5;1025.3399658203125
07/28/2014 10:09:10;56.04986572265625;21.600000381469727;1025.4200439453125
07/28/2014 10:19:10;56.07275390625;21.600000381469727;1025.3599853515625
07/28/2014 10:29:10;56.15667724609375;21.700000762939453;1025.3199462890625
07/28/2014 10:39:10;56.15667724609375;21.799999237060547;1025.5
07/28/2014 10:49:10;56.347412109375;21.799999237060547;1025.4000244140625
07/28/2014 10:59:10;56.3016357421875;21.899999618530273;1025.3599853515625
07/28/2014 11:09:10;56.37030029296875;21.899999618530273;1025.4599609375
07/28/2014 11:19:10;56.33978271484375;22.0;1025.4000244140625
07/28/2014 11:29:10;56.3321533203125;22.0;1025.3199462890625
07/28/2014 11:39:10;56.3779296875;22.0;1025.239990234375
07/28/2014 11:49:10;56.43896484375;22.0;1025.5799560546875
07/28/2014 11:59:11;56.46185302734375;21.899999618530273;1025.739990234375
07/28/2014 12:09:11;56.6373291015625;21.899999618530273;1025.719970703125
07/28/2014 12:19:11;56.61444091796875;21.899999618530273;1025.8599853515625
07/28/2014 12:29:11;56.469482421875;21.799999237060547;1025.9599609375
07/28/2014 12:39:11;56.50762939453125;21.799999237060547;1026.0
07/28/2014 12:49:11;56.469482421875;21.700000762939453;1025.9599609375
07/28/2014 12:59:11;56.46185302734375;21.700000762939453;1025.93994140625
07/28/2014 13:09:11;56.56103515625;21.600000381469727;1025.97998046875
07/28/2014 13:19:11;56.6220703125;21.5;1026.0799560546875
07/28/2014 13:29:11;56.52288818359375;21.399999618530273;1026.0799560546875
07/28/2014 13:39:11;56.5152587890625;21.299999237060547;1026.1199951171875
07/28/2014 13:49:11;56.30926513671875;21.299999237060547;1026.02001953125
07/28/2014 13:59:11;56.3016357421875;21.200000762939453;1026.0400390625
07/28/2014 14:09:12;56.43896484375;21.100000381469727;1026.06005859375
07/28/2014 14:19:12;56.4542236328125;21.0;1026.1400146484375
07/28/2014 14:29:12;56.347412109375;20.799999237060547;1026.260009765625
07/28/2014 14:39:12;56.59918212890625;20.700000762939453;1026.4200439453125
07/28/2014 14:49:12;56.55340576171875;20.5;1026.219970703125
07/28/2014 14:59:12;56.44659423828125;20.399999618530273;1026.1400146484375
07/28/2014 15:09:12;56.62969970703125;20.299999237060547;1026.06005859375
07/28/2014 15:19:12;56.7593994140625;20.100000381469727;1026.3199462890625
07/28/2014 15:29:12;56.59918212890625;20.0;1026.4000244140625
07/28/2014 15:39:12;56.75177001953125;19.899999618530273;1026.6600341796875
07/28/2014 15:49:12;56.6068115234375;19.799999237060547;1026.52001953125
07/28/2014 15:59:12;56.62969970703125;19.700000762939453;1026.8800048828125
07/28/2014 16:09:12;56.530517578125;19.600000381469727;1026.6800537109375
07/28/2014 16:19:13;56.62969970703125;19.5;1026.8199462890625
07/28/2014 16:29:13;56.47711181640625;19.399999618530273;1026.8599853515625
07/28/2014 16:39:13;56.591552734375;19.399999618530273;1026.8399658203125
07/28/2014 16:49:13;56.4237060546875;19.299999237060547;1027.1199951171875
07/28/2014 16:59:13;56.58392333984375;19.200000762939453;1027.0
07/28/2014 17:09:13;56.4237060546875;19.100000381469727;1027.0
07/28/2014 17:19:13;56.652587890625;19.0;1026.8800048828125
07/28/2014 17:29:13;56.50762939453125;18.899999618530273;1026.97998046875
07/28/2014 17:39:13;56.76702880859375;18.799999237060547;1027.0
07/28/2014 17:49:13;56.61444091796875;18.700000762939453;1026.9000244140625
07/28/2014 17:59:13;56.49237060546875;18.600000381469727;1027.0400390625
07/28/2014 18:09:13;56.591552734375;18.5;1027.1199951171875
07/28/2014 18:19:14;56.67547607421875;18.5;1027.1199951171875
07/28/2014 18:29:14;56.70599365234375;18.399999618530273;1026.9599609375
07/28/2014 18:39:14;56.6068115234375;18.299999237060547;1026.9200439453125
07/28/2014 18:49:14;56.3321533203125;18.200000762939453;1026.8599853515625
07/28/2014 18:59:14;56.5762939453125;18.200000762939453;1026.719970703125
07/28/2014 19:09:14;56.530517578125;18.100000381469727;1026.780029296875
07/28/2014 19:19:14;56.46185302734375;18.0;1026.699951171875
07/28/2014 19:29:14;56.33978271484375;18.0;1026.719970703125
07/28/2014 19:39:14;56.35504150390625;17.899999618530273;1026.8800048828125
07/28/2014 19:49:14;56.43133544921875;17.899999618530273;1026.9200439453125
07/28/2014 19:59:14;56.26348876953125;17.799999237060547;1027.02001953125
07/28/2014 20:09:14;56.47711181640625;17.700000762939453;1027.27001953125
07/28/2014 20:19:14;56.33978271484375;17.700000762939453;1027.1199951171875
07/28/2014 20:29:15;56.20245361328125;17.600000381469727;1027.3900146484375
07/28/2014 20:39:15;56.347412109375;17.5;1027.4300537109375
07/28/2014 20:49:15;56.58392333984375;17.5;1027.449951171875
07/28/2014 20:59:15;56.2711181640625;17.399999618530273;1027.489990234375
07/28/2014 21:09:15;56.1490478515625;17.399999618530273;1027.6700439453125
07/28/2014 21:19:15;56.31689453125;17.299999237060547;1027.77001953125
07/28/2014 21:29:15;56.43896484375;17.299999237060547;1027.9300537109375
07/28/2014 21:39:15;56.225341796875;17.200000762939453;1027.949951171875
07/28/2014 21:49:15;56.1337890625;17.200000762939453;1027.8699951171875
07/28/2014 21:59:15;55.98883056640625;17.100000381469727;1027.5899658203125
07/28/2014 22:09:15;56.15667724609375;17.100000381469727;1027.77001953125
07/28/2014 22:19:15;56.30926513671875;17.100000381469727;1028.010009765625
07/28/2014 22:29:16;56.164306640625;17.100000381469727;1027.8499755859375
07/28/2014 22:39:16;56.1490478515625;17.100000381469727;1027.7099609375
07/28/2014 22:49:16;56.1490478515625;17.100000381469727;1027.6700439453125
07/28/2014 22:59:16;56.0880126953125;17.100000381469727;1027.77001953125
07/28/2014 23:09:16;56.09564208984375;17.100000381469727;1027.72998046875
07/28/2014 23:19:16;55.7523193359375;17.100000381469727;1027.77001953125
07/28/2014 23:29:16;55.62261962890625;17.100000381469727;1027.949951171875
07/28/2014 23:39:16;55.86676025390625;17.0;1028.030029296875
07/28/2014 23:49:16;55.614990234375;17.0;1027.969970703125
07/28/2014 23:59:16;55.75994873046875;17.0;1028.010009765625
07/29/2014 00:09:16;55.60736083984375;17.0;1028.1500244140625
07/29/2014 00:19:16;55.58447265625;17.0;1028.3299560546875
07/29/2014 00:29:16;55.77520751953125;17.0;1028.5699462890625
07/29/2014 00:39:17;55.54632568359375;17.0;1028.4300537109375
07/29/2014 00:49:17;55.77520751953125;17.0;1028.6199951171875
07/29/2014 00:59:17;55.79046630859375;17.0;1028.6400146484375
07/29/2014 01:09:17;55.72943115234375;17.0;1028.9000244140625
07/29/2014 01:19:17;55.8133544921875;16.899999618530273;1028.989990234375
07/29/2014 01:29:17;55.51580810546875;16.899999618530273;1029.1600341796875
07/29/2014 01:39:17;55.83624267578125;16.899999618530273;1029.06005859375
07/29/2014 01:49:17;55.57684326171875;16.899999618530273;1029.219970703125
07/29/2014 01:59:17;55.77520751953125;16.899999618530273;1028.969970703125
07/29/2014 02:09:17;55.6302490234375;16.899999618530273;1028.5899658203125
07/29/2014 02:19:17;55.8438720703125;16.899999618530273;1028.25
07/29/2014 02:29:17;55.5386962890625;17.0;1028.2900390625
07/29/2014 02:39:18;55.33270263671875;17.0;1028.989990234375
07/29/2014 02:49:18;55.47003173828125;17.0;1028.739990234375
07/29/2014 02:59:18;55.63787841796875;17.0;1029.260009765625
07/29/2014 03:09:18;55.37847900390625;17.0;1029.199951171875
07/29/2014 03:19:18;55.56158447265625;17.100000381469727;1029.93994140625
07/29/2014 03:29:18;55.370849609375;17.200000762939453;1030.300048828125
07/29/2014 03:39:18;55.56158447265625;17.200000762939453;1030.1800537109375
07/29/2014 03:49:18;55.51580810546875;17.299999237060547;1030.530029296875
07/29/2014 03:59:18;55.6607666015625;17.399999618530273;1030.550048828125
07/29/2014 04:09:18;55.6912841796875;17.5;1030.4000244140625
07/29/2014 04:19:18;55.5692138671875;17.600000381469727;1030.239990234375
07/29/2014 04:29:18;55.65313720703125;17.700000762939453;1030.3800048828125
07/29/2014 04:39:18;55.3861083984375;17.799999237060547;1030.1199951171875
07/29/2014 04:49:19;55.5234375;18.0;1030.0
07/29/2014 04:59:19;55.42425537109375;18.100000381469727;1029.8199462890625
07/29/2014 05:09:19;55.46240234375;18.299999237060547;1029.5799560546875
07/29/2014 05:19:19;55.553955078125;18.399999618530273;1029.3199462890625
07/29/2014 05:29:19;55.53106689453125;18.5;1028.8199462890625
07/29/2014 05:39:19;55.54632568359375;18.799999237060547;1029.1199951171875
07/29/2014 05:49:19;55.40899658203125;19.100000381469727;1029.0999755859375
07/29/2014 05:59:19;55.53106689453125;19.399999618530273;1028.9000244140625
